timestamp,alert_count
2026-05-05 12:34:47.131880,16
2026-05-05 13:34:47.131880,13
2026-05-05 14:34:47.131880,72
2026-05-05 15:34:47.131880,61
2026-05-05 16:34:47.131880,57
2026-05-05 17:34:47.131880,17
2026-05-05 18:34:47.131880,5
2026-05-05 19:34:47.131880,5
2026-05-05 20:34:47.131880,6
2026-05-05 21:34:47.131880,2
2026-05-05 22:34:47.131880,8
2026-05-05 23:34:47.131880,5
2026-05-06 00:34:47.131880,8
2026-05-06 01:34:47.131880,8
2026-05-06 02:34:47.131880,5
2026-05-06 03:34:47.131880,2
2026-05-06 04:34:47.131880,4
2026-05-06 05:34:47.131880,2
2026-05-06 06:34:47.131880,5
2026-05-06 07:34:47.131880,7
2026-05-06 08:34:47.131880,2
2026-05-06 09:34:47.131880,11
2026-05-06 10:34:47.131880,16
2026-05-06 11:34:47.131880,15
2026-05-06 12:34:47.131880,11
2026-05-06 13:34:47.131880,13
2026-05-06 14:34:47.131880,11
2026-05-06 15:34:47.131880,14
2026-05-06 16:34:47.131880,9
2026-05-06 17:34:47.131880,18
2026-05-06 18:34:47.131880,7
2026-05-06 19:34:47.131880,2
2026-05-06 20:34:47.131880,6
2026-05-06 21:34:47.131880,3
2026-05-06 22:34:47.131880,3
2026-05-06 23:34:47.131880,5
2026-05-07 00:34:47.131880,2
2026-05-07 01:34:47.131880,6
2026-05-07 02:34:47.131880,8
2026-05-07 03:34:47.131880,2
2026-05-07 04:34:47.131880,8
2026-05-07 05:34:47.131880,2
2026-05-07 06:34:47.131880,4
2026-05-07 07:34:47.131880,6
2026-05-07 08:34:47.131880,3
2026-05-07 09:34:47.131880,13
2026-05-07 10:34:47.131880,8
2026-05-07 11:34:47.131880,18
2026-05-07 12:34:47.131880,12
2026-05-07 13:34:47.131880,11
2026-05-07 14:34:47.131880,17
2026-05-07 15:34:47.131880,11
2026-05-07 16:34:47.131880,18
2026-05-07 17:34:47.131880,13
2026-05-07 18:34:47.131880,3
2026-05-07 19:34:47.131880,4
2026-05-07 20:34:47.131880,8
2026-05-07 21:34:47.131880,6
2026-05-07 22:34:47.131880,7
2026-05-07 23:34:47.131880,8
2026-05-08 00:34:47.131880,4
2026-05-08 01:34:47.131880,6
2026-05-08 02:34:47.131880,4
2026-05-08 03:34:47.131880,5
2026-05-08 04:34:47.131880,6
2026-05-08 05:34:47.131880,6
2026-05-08 06:34:47.131880,5
2026-05-08 07:34:47.131880,5
2026-05-08 08:34:47.131880,4
2026-05-08 09:34:47.131880,16
2026-05-08 10:34:47.131880,12
2026-05-08 11:34:47.131880,14
2026-05-08 12:34:47.131880,11
2026-05-08 13:34:47.131880,14
2026-05-08 14:34:47.131880,11
2026-05-08 15:34:47.131880,16
2026-05-08 16:34:47.131880,10
2026-05-08 17:34:47.131880,8
2026-05-08 18:34:47.131880,7
2026-05-08 19:34:47.131880,4
2026-05-08 20:34:47.131880,83
2026-05-08 21:34:47.131880,3
2026-05-08 22:34:47.131880,8
2026-05-08 23:34:47.131880,2
2026-05-09 00:34:47.131880,7
2026-05-09 01:34:47.131880,5
2026-05-09 02:34:47.131880,7
2026-05-09 03:34:47.131880,5
2026-05-09 04:34:47.131880,4
2026-05-09 05:34:47.131880,7
2026-05-09 06:34:47.131880,106
2026-05-09 07:34:47.131880,4
2026-05-09 08:34:47.131880,2
2026-05-09 09:34:47.131880,14
2026-05-09 10:34:47.131880,12
2026-05-09 11:34:47.131880,12
2026-05-09 12:34:47.131880,15
2026-05-09 13:34:47.131880,16
2026-05-09 14:34:47.131880,14
2026-05-09 15:34:47.131880,12
2026-05-09 16:34:47.131880,14
2026-05-09 17:34:47.131880,10
2026-05-09 18:34:47.131880,84
2026-05-09 19:34:47.131880,2
2026-05-09 20:34:47.131880,5
2026-05-09 21:34:47.131880,4
2026-05-09 22:34:47.131880,2
2026-05-09 23:34:47.131880,4
2026-05-10 00:34:47.131880,7
2026-05-10 01:34:47.131880,5
2026-05-10 02:34:47.131880,5
2026-05-10 03:34:47.131880,5
2026-05-10 04:34:47.131880,7
2026-05-10 05:34:47.131880,2
2026-05-10 06:34:47.131880,7
2026-05-10 07:34:47.131880,7
2026-05-10 08:34:47.131880,6
2026-05-10 09:34:47.131880,10
2026-05-10 10:34:47.131880,14
2026-05-10 11:34:47.131880,15
2026-05-10 12:34:47.131880,10
2026-05-10 13:34:47.131880,18
2026-05-10 14:34:47.131880,17
2026-05-10 15:34:47.131880,14
2026-05-10 16:34:47.131880,10
2026-05-10 17:34:47.131880,10
2026-05-10 18:34:47.131880,2
2026-05-10 19:34:47.131880,6
2026-05-10 20:34:47.131880,5
2026-05-10 21:34:47.131880,2
2026-05-10 22:34:47.131880,5
2026-05-10 23:34:47.131880,6
2026-05-11 00:34:47.131880,7
2026-05-11 01:34:47.131880,2
2026-05-11 02:34:47.131880,6
2026-05-11 03:34:47.131880,6
2026-05-11 04:34:47.131880,5
2026-05-11 05:34:47.131880,8
2026-05-11 06:34:47.131880,8
2026-05-11 07:34:47.131880,4
2026-05-11 08:34:47.131880,2
2026-05-11 09:34:47.131880,13
2026-05-11 10:34:47.131880,13
2026-05-11 11:34:47.131880,18
2026-05-11 12:34:47.131880,10
2026-05-11 13:34:47.131880,7
2026-05-11 14:34:47.131880,18
2026-05-11 15:34:47.131880,14
2026-05-11 16:34:47.131880,11
2026-05-11 17:34:47.131880,13
2026-05-11 18:34:47.131880,5
2026-05-11 19:34:47.131880,7
2026-05-11 20:34:47.131880,5
2026-05-11 21:34:47.131880,8
2026-05-11 22:34:47.131880,3
2026-05-11 23:34:47.131880,8
2026-05-12 00:34:47.131880,2
2026-05-12 01:34:47.131880,7
2026-05-12 02:34:47.131880,3
2026-05-12 03:34:47.131880,2
2026-05-12 04:34:47.131880,7
2026-05-12 05:34:47.131880,4
2026-05-12 06:34:47.131880,2
2026-05-12 07:34:47.131880,5
2026-05-12 08:34:47.131880,6
2026-05-12 09:34:47.131880,16
2026-05-12 10:34:47.131880,18
2026-05-12 11:34:47.131880,14
2026-05-12 12:34:47.131880,13
2026-05-12 13:34:47.131880,15
2026-05-12 14:34:47.131880,58
2026-05-12 15:34:47.131880,66
2026-05-12 16:34:47.131880,73
2026-05-12 17:34:47.131880,13
2026-05-12 18:34:47.131880,2
2026-05-12 19:34:47.131880,6
2026-05-12 20:34:47.131880,6
2026-05-12 21:34:47.131880,8
2026-05-12 22:34:47.131880,6
2026-05-12 23:34:47.131880,5
2026-05-13 00:34:47.131880,4
2026-05-13 01:34:47.131880,2
2026-05-13 02:34:47.131880,5
2026-05-13 03:34:47.131880,2
2026-05-13 04:34:47.131880,7
2026-05-13 05:34:47.131880,5
2026-05-13 06:34:47.131880,3
2026-05-13 07:34:47.131880,8
2026-05-13 08:34:47.131880,7
2026-05-13 09:34:47.131880,14
2026-05-13 10:34:47.131880,14
2026-05-13 11:34:47.131880,14
2026-05-13 12:34:47.131880,8
2026-05-13 13:34:47.131880,14
2026-05-13 14:34:47.131880,14
2026-05-13 15:34:47.131880,12
2026-05-13 16:34:47.131880,10
2026-05-13 17:34:47.131880,11
2026-05-13 18:34:47.131880,6
2026-05-13 19:34:47.131880,2
2026-05-13 20:34:47.131880,3
2026-05-13 21:34:47.131880,6
2026-05-13 22:34:47.131880,8
2026-05-13 23:34:47.131880,6
2026-05-14 00:34:47.131880,4
2026-05-14 01:34:47.131880,3
2026-05-14 02:34:47.131880,3
2026-05-14 03:34:47.131880,7
2026-05-14 04:34:47.131880,2
2026-05-14 05:34:47.131880,3
2026-05-14 06:34:47.131880,6
2026-05-14 07:34:47.131880,5
2026-05-14 08:34:47.131880,6
2026-05-14 09:34:47.131880,12
2026-05-14 10:34:47.131880,9
2026-05-14 11:34:47.131880,11
2026-05-14 12:34:47.131880,18
2026-05-14 13:34:47.131880,10
2026-05-14 14:34:47.131880,13
2026-05-14 15:34:47.131880,12
2026-05-14 16:34:47.131880,10
2026-05-14 17:34:47.131880,11
2026-05-14 18:34:47.131880,5
2026-05-14 19:34:47.131880,4
2026-05-14 20:34:47.131880,8
2026-05-14 21:34:47.131880,8
2026-05-14 22:34:47.131880,4
2026-05-14 23:34:47.131880,6
2026-05-15 00:34:47.131880,5
2026-05-15 01:34:47.131880,4
2026-05-15 02:34:47.131880,6
2026-05-15 03:34:47.131880,2
2026-05-15 04:34:47.131880,6
2026-05-15 05:34:47.131880,92
2026-05-15 06:34:47.131880,4
2026-05-15 07:34:47.131880,4
2026-05-15 08:34:47.131880,8
2026-05-15 09:34:47.131880,9
2026-05-15 10:34:47.131880,16
2026-05-15 11:34:47.131880,12
2026-05-15 12:34:47.131880,10
2026-05-15 13:34:47.131880,15
2026-05-15 14:34:47.131880,11
2026-05-15 15:34:47.131880,13
2026-05-15 16:34:47.131880,14
2026-05-15 17:34:47.131880,16
2026-05-15 18:34:47.131880,5
2026-05-15 19:34:47.131880,4
2026-05-15 20:34:47.131880,4
2026-05-15 21:34:47.131880,4
2026-05-15 22:34:47.131880,3
2026-05-15 23:34:47.131880,3
2026-05-16 00:34:47.131880,6
2026-05-16 01:34:47.131880,8
2026-05-16 02:34:47.131880,6
2026-05-16 03:34:47.131880,2
2026-05-16 04:34:47.131880,2
2026-05-16 05:34:47.131880,2
2026-05-16 06:34:47.131880,7
2026-05-16 07:34:47.131880,6
2026-05-16 08:34:47.131880,6
2026-05-16 09:34:47.131880,132
2026-05-16 10:34:47.131880,12
2026-05-16 11:34:47.131880,8
2026-05-16 12:34:47.131880,12
2026-05-16 13:34:47.131880,11
2026-05-16 14:34:47.131880,15
2026-05-16 15:34:47.131880,11
2026-05-16 16:34:47.131880,15
2026-05-16 17:34:47.131880,12
2026-05-16 18:34:47.131880,3
2026-05-16 19:34:47.131880,5
2026-05-16 20:34:47.131880,5
2026-05-16 21:34:47.131880,101
2026-05-16 22:34:47.131880,2
2026-05-16 23:34:47.131880,5
2026-05-17 00:34:47.131880,6
2026-05-17 01:34:47.131880,4
2026-05-17 02:34:47.131880,3
2026-05-17 03:34:47.131880,6
2026-05-17 04:34:47.131880,3
2026-05-17 05:34:47.131880,7
2026-05-17 06:34:47.131880,6
2026-05-17 07:34:47.131880,2
2026-05-17 08:34:47.131880,93
2026-05-17 09:34:47.131880,12
2026-05-17 10:34:47.131880,14
2026-05-17 11:34:47.131880,11
2026-05-17 12:34:47.131880,15
2026-05-17 13:34:47.131880,18
2026-05-17 14:34:47.131880,17
2026-05-17 15:34:47.131880,13
2026-05-17 16:34:47.131880,15
2026-05-17 17:34:47.131880,9
2026-05-17 18:34:47.131880,2
2026-05-17 19:34:47.131880,4
2026-05-17 20:34:47.131880,5
2026-05-17 21:34:47.131880,2
2026-05-17 22:34:47.131880,3
2026-05-17 23:34:47.131880,8
2026-05-18 00:34:47.131880,3
2026-05-18 01:34:47.131880,4
2026-05-18 02:34:47.131880,5
2026-05-18 03:34:47.131880,5
2026-05-18 04:34:47.131880,7
2026-05-18 05:34:47.131880,2
2026-05-18 06:34:47.131880,8
2026-05-18 07:34:47.131880,6
2026-05-18 08:34:47.131880,3
2026-05-18 09:34:47.131880,18
2026-05-18 10:34:47.131880,13
2026-05-18 11:34:47.131880,13
2026-05-18 12:34:47.131880,15
2026-05-18 13:34:47.131880,12
2026-05-18 14:34:47.131880,16
2026-05-18 15:34:47.131880,10
2026-05-18 16:34:47.131880,14
2026-05-18 17:34:47.131880,8
2026-05-18 18:34:47.131880,5
2026-05-18 19:34:47.131880,3
2026-05-18 20:34:47.131880,3
2026-05-18 21:34:47.131880,4
2026-05-18 22:34:47.131880,4
2026-05-18 23:34:47.131880,2
2026-05-19 00:34:47.131880,8
2026-05-19 01:34:47.131880,5
2026-05-19 02:34:47.131880,2
2026-05-19 03:34:47.131880,4
2026-05-19 04:34:47.131880,3
2026-05-19 05:34:47.131880,4
2026-05-19 06:34:47.131880,6
2026-05-19 07:34:47.131880,3
2026-05-19 08:34:47.131880,6
2026-05-19 09:34:47.131880,11
2026-05-19 10:34:47.131880,13
2026-05-19 11:34:47.131880,12
2026-05-19 12:34:47.131880,8
2026-05-19 13:34:47.131880,18
2026-05-19 14:34:47.131880,70
2026-05-19 15:34:47.131880,51
2026-05-19 16:34:47.131880,72
2026-05-19 17:34:47.131880,18
2026-05-19 18:34:47.131880,5
2026-05-19 19:34:47.131880,3
2026-05-19 20:34:47.131880,7
2026-05-19 21:34:47.131880,4
2026-05-19 22:34:47.131880,8
2026-05-19 23:34:47.131880,4
2026-05-20 00:34:47.131880,6
2026-05-20 01:34:47.131880,7
2026-05-20 02:34:47.131880,8
2026-05-20 03:34:47.131880,8
2026-05-20 04:34:47.131880,3
2026-05-20 05:34:47.131880,2
2026-05-20 06:34:47.131880,3
2026-05-20 07:34:47.131880,2
2026-05-20 08:34:47.131880,5
2026-05-20 09:34:47.131880,10
2026-05-20 10:34:47.131880,14
2026-05-20 11:34:47.131880,13
2026-05-20 12:34:47.131880,10
2026-05-20 13:34:47.131880,11
2026-05-20 14:34:47.131880,9
2026-05-20 15:34:47.131880,13
2026-05-20 16:34:47.131880,7
2026-05-20 17:34:47.131880,16
2026-05-20 18:34:47.131880,5
2026-05-20 19:34:47.131880,7
2026-05-20 20:34:47.131880,8
2026-05-20 21:34:47.131880,2
2026-05-20 22:34:47.131880,4
2026-05-20 23:34:47.131880,116
2026-05-21 00:34:47.131880,7
2026-05-21 01:34:47.131880,5
2026-05-21 02:34:47.131880,8
2026-05-21 03:34:47.131880,2
2026-05-21 04:34:47.131880,7
2026-05-21 05:34:47.131880,2
2026-05-21 06:34:47.131880,4
2026-05-21 07:34:47.131880,4
2026-05-21 08:34:47.131880,6
2026-05-21 09:34:47.131880,15
2026-05-21 10:34:47.131880,10
2026-05-21 11:34:47.131880,13
2026-05-21 12:34:47.131880,16
2026-05-21 13:34:47.131880,16
2026-05-21 14:34:47.131880,9
2026-05-21 15:34:47.131880,12
2026-05-21 16:34:47.131880,11
2026-05-21 17:34:47.131880,11
2026-05-21 18:34:47.131880,6
2026-05-21 19:34:47.131880,2
2026-05-21 20:34:47.131880,7
2026-05-21 21:34:47.131880,7
2026-05-21 22:34:47.131880,6
2026-05-21 23:34:47.131880,5
2026-05-22 00:34:47.131880,6
2026-05-22 01:34:47.131880,2
2026-05-22 02:34:47.131880,4
2026-05-22 03:34:47.131880,7
2026-05-22 04:34:47.131880,6
2026-05-22 05:34:47.131880,2
2026-05-22 06:34:47.131880,5
2026-05-22 07:34:47.131880,6
2026-05-22 08:34:47.131880,4
2026-05-22 09:34:47.131880,13
2026-05-22 10:34:47.131880,12
2026-05-22 11:34:47.131880,18
2026-05-22 12:34:47.131880,16
2026-05-22 13:34:47.131880,19
2026-05-22 14:34:47.131880,7
2026-05-22 15:34:47.131880,13
2026-05-22 16:34:47.131880,15
2026-05-22 17:34:47.131880,14
2026-05-22 18:34:47.131880,3
2026-05-22 19:34:47.131880,8
2026-05-22 20:34:47.131880,2
2026-05-22 21:34:47.131880,8
2026-05-22 22:34:47.131880,6
2026-05-22 23:34:47.131880,2
2026-05-23 00:34:47.131880,4
2026-05-23 01:34:47.131880,7
2026-05-23 02:34:47.131880,3
2026-05-23 03:34:47.131880,4
2026-05-23 04:34:47.131880,7
2026-05-23 05:34:47.131880,8
2026-05-23 06:34:47.131880,6
2026-05-23 07:34:47.131880,8
2026-05-23 08:34:47.131880,6
2026-05-23 09:34:47.131880,13
2026-05-23 10:34:47.131880,15
2026-05-23 11:34:47.131880,13
2026-05-23 12:34:47.131880,13
2026-05-23 13:34:47.131880,13
2026-05-23 14:34:47.131880,18
2026-05-23 15:34:47.131880,14
2026-05-23 16:34:47.131880,16
2026-05-23 17:34:47.131880,13
2026-05-23 18:34:47.131880,4
2026-05-23 19:34:47.131880,5
2026-05-23 20:34:47.131880,6
2026-05-23 21:34:47.131880,8
2026-05-23 22:34:47.131880,5
2026-05-23 23:34:47.131880,2
2026-05-24 00:34:47.131880,6
2026-05-24 01:34:47.131880,2
2026-05-24 02:34:47.131880,8
2026-05-24 03:34:47.131880,121
2026-05-24 04:34:47.131880,7
2026-05-24 05:34:47.131880,2
2026-05-24 06:34:47.131880,8
2026-05-24 07:34:47.131880,8
2026-05-24 08:34:47.131880,2
2026-05-24 09:34:47.131880,11
2026-05-24 10:34:47.131880,8
2026-05-24 11:34:47.131880,10
2026-05-24 12:34:47.131880,13
2026-05-24 13:34:47.131880,10
2026-05-24 14:34:47.131880,11
2026-05-24 15:34:47.131880,14
2026-05-24 16:34:47.131880,16
2026-05-24 17:34:47.131880,7
2026-05-24 18:34:47.131880,4
2026-05-24 19:34:47.131880,5
2026-05-24 20:34:47.131880,2
2026-05-24 21:34:47.131880,5
2026-05-24 22:34:47.131880,5
2026-05-24 23:34:47.131880,5
2026-05-25 00:34:47.131880,2
2026-05-25 01:34:47.131880,6
2026-05-25 02:34:47.131880,4
2026-05-25 03:34:47.131880,4
2026-05-25 04:34:47.131880,7
2026-05-25 05:34:47.131880,6
2026-05-25 06:34:47.131880,4
2026-05-25 07:34:47.131880,7
2026-05-25 08:34:47.131880,3
2026-05-25 09:34:47.131880,10
2026-05-25 10:34:47.131880,14
2026-05-25 11:34:47.131880,11
2026-05-25 12:34:47.131880,10
2026-05-25 13:34:47.131880,13
2026-05-25 14:34:47.131880,19
2026-05-25 15:34:47.131880,14
2026-05-25 16:34:47.131880,7
2026-05-25 17:34:47.131880,15
2026-05-25 18:34:47.131880,7
2026-05-25 19:34:47.131880,6
2026-05-25 20:34:47.131880,2
2026-05-25 21:34:47.131880,3
2026-05-25 22:34:47.131880,7
2026-05-25 23:34:47.131880,7
2026-05-26 00:34:47.131880,5
2026-05-26 01:34:47.131880,7
2026-05-26 02:34:47.131880,8
2026-05-26 03:34:47.131880,3
2026-05-26 04:34:47.131880,8
2026-05-26 05:34:47.131880,6
2026-05-26 06:34:47.131880,6
2026-05-26 07:34:47.131880,6
2026-05-26 08:34:47.131880,3
2026-05-26 09:34:47.131880,14
2026-05-26 10:34:47.131880,14
2026-05-26 11:34:47.131880,16
2026-05-26 12:34:47.131880,16
2026-05-26 13:34:47.131880,8
2026-05-26 14:34:47.131880,77
2026-05-26 15:34:47.131880,77
2026-05-26 16:34:47.131880,74
2026-05-26 17:34:47.131880,12
2026-05-26 18:34:47.131880,3
2026-05-26 19:34:47.131880,8
2026-05-26 20:34:47.131880,7
2026-05-26 21:34:47.131880,5
2026-05-26 22:34:47.131880,6
2026-05-26 23:34:47.131880,8
2026-05-27 00:34:47.131880,7
2026-05-27 01:34:47.131880,6
2026-05-27 02:34:47.131880,2
2026-05-27 03:34:47.131880,2
2026-05-27 04:34:47.131880,7
2026-05-27 05:34:47.131880,8
2026-05-27 06:34:47.131880,7
2026-05-27 07:34:47.131880,2
2026-05-27 08:34:47.131880,4
2026-05-27 09:34:47.131880,14
2026-05-27 10:34:47.131880,14
2026-05-27 11:34:47.131880,12
2026-05-27 12:34:47.131880,13
2026-05-27 13:34:47.131880,15
2026-05-27 14:34:47.131880,13
2026-05-27 15:34:47.131880,12
2026-05-27 16:34:47.131880,12
2026-05-27 17:34:47.131880,15
2026-05-27 18:34:47.131880,8
2026-05-27 19:34:47.131880,7
2026-05-27 20:34:47.131880,2
2026-05-27 21:34:47.131880,8
2026-05-27 22:34:47.131880,4
2026-05-27 23:34:47.131880,2
2026-05-28 00:34:47.131880,6
2026-05-28 01:34:47.131880,2
2026-05-28 02:34:47.131880,6
2026-05-28 03:34:47.131880,2
2026-05-28 04:34:47.131880,6
2026-05-28 05:34:47.131880,3
2026-05-28 06:34:47.131880,4
2026-05-28 07:34:47.131880,6
2026-05-28 08:34:47.131880,4
2026-05-28 09:34:47.131880,11
2026-05-28 10:34:47.131880,12
2026-05-28 11:34:47.131880,11
2026-05-28 12:34:47.131880,13
2026-05-28 13:34:47.131880,14
2026-05-28 14:34:47.131880,11
2026-05-28 15:34:47.131880,114
2026-05-28 16:34:47.131880,10
2026-05-28 17:34:47.131880,8
2026-05-28 18:34:47.131880,8
2026-05-28 19:34:47.131880,113
2026-05-28 20:34:47.131880,6
2026-05-28 21:34:47.131880,8
2026-05-28 22:34:47.131880,6
2026-05-28 23:34:47.131880,4
2026-05-29 00:34:47.131880,3
2026-05-29 01:34:47.131880,6
2026-05-29 02:34:47.131880,7
2026-05-29 03:34:47.131880,4
2026-05-29 04:34:47.131880,3
2026-05-29 05:34:47.131880,7
2026-05-29 06:34:47.131880,4
2026-05-29 07:34:47.131880,6
2026-05-29 08:34:47.131880,6
2026-05-29 09:34:47.131880,14
2026-05-29 10:34:47.131880,19
2026-05-29 11:34:47.131880,14
2026-05-29 12:34:47.131880,12
2026-05-29 13:34:47.131880,12
2026-05-29 14:34:47.131880,14
2026-05-29 15:34:47.131880,13
2026-05-29 16:34:47.131880,15
2026-05-29 17:34:47.131880,119
2026-05-29 18:34:47.131880,7
2026-05-29 19:34:47.131880,7
2026-05-29 20:34:47.131880,2
2026-05-29 21:34:47.131880,94
2026-05-29 22:34:47.131880,7
2026-05-29 23:34:47.131880,8
2026-05-30 00:34:47.131880,2
2026-05-30 01:34:47.131880,4
2026-05-30 02:34:47.131880,7
2026-05-30 03:34:47.131880,3
2026-05-30 04:34:47.131880,2
2026-05-30 05:34:47.131880,94
2026-05-30 06:34:47.131880,8
2026-05-30 07:34:47.131880,5
2026-05-30 08:34:47.131880,3
2026-05-30 09:34:47.131880,13
2026-05-30 10:34:47.131880,19
2026-05-30 11:34:47.131880,14
2026-05-30 12:34:47.131880,100
2026-05-30 13:34:47.131880,14
2026-05-30 14:34:47.131880,13
2026-05-30 15:34:47.131880,10
2026-05-30 16:34:47.131880,8
2026-05-30 17:34:47.131880,14
2026-05-30 18:34:47.131880,7
2026-05-30 19:34:47.131880,2
2026-05-30 20:34:47.131880,119
2026-05-30 21:34:47.131880,3
2026-05-30 22:34:47.131880,2
2026-05-30 23:34:47.131880,4
2026-05-31 00:34:47.131880,6
2026-05-31 01:34:47.131880,2
2026-05-31 02:34:47.131880,6
2026-05-31 03:34:47.131880,2
2026-05-31 04:34:47.131880,4
2026-05-31 05:34:47.131880,2
2026-05-31 06:34:47.131880,3
2026-05-31 07:34:47.131880,2
2026-05-31 08:34:47.131880,2
2026-05-31 09:34:47.131880,10
2026-05-31 10:34:47.131880,18
2026-05-31 11:34:47.131880,12
2026-05-31 12:34:47.131880,14
2026-05-31 13:34:47.131880,133
2026-05-31 14:34:47.131880,16
2026-05-31 15:34:47.131880,10
2026-05-31 16:34:47.131880,10
2026-05-31 17:34:47.131880,12
2026-05-31 18:34:47.131880,5
2026-05-31 19:34:47.131880,4
2026-05-31 20:34:47.131880,6
2026-05-31 21:34:47.131880,2
2026-05-31 22:34:47.131880,5
2026-05-31 23:34:47.131880,7
2026-06-01 00:34:47.131880,6
2026-06-01 01:34:47.131880,3
2026-06-01 02:34:47.131880,8
2026-06-01 03:34:47.131880,3
2026-06-01 04:34:47.131880,6
2026-06-01 05:34:47.131880,8
2026-06-01 06:34:47.131880,3
2026-06-01 07:34:47.131880,6
2026-06-01 08:34:47.131880,3
2026-06-01 09:34:47.131880,110
2026-06-01 10:34:47.131880,14
2026-06-01 11:34:47.131880,13
2026-06-01 12:34:47.131880,14
2026-06-01 13:34:47.131880,8
2026-06-01 14:34:47.131880,16
2026-06-01 15:34:47.131880,16
2026-06-01 16:34:47.131880,11
2026-06-01 17:34:47.131880,10
2026-06-01 18:34:47.131880,3
2026-06-01 19:34:47.131880,7
2026-06-01 20:34:47.131880,4
2026-06-01 21:34:47.131880,7
2026-06-01 22:34:47.131880,6
2026-06-01 23:34:47.131880,4
2026-06-02 00:34:47.131880,6
2026-06-02 01:34:47.131880,6
2026-06-02 02:34:47.131880,7
2026-06-02 03:34:47.131880,4
2026-06-02 04:34:47.131880,8
2026-06-02 05:34:47.131880,7
2026-06-02 06:34:47.131880,5
2026-06-02 07:34:47.131880,6
2026-06-02 08:34:47.131880,8
2026-06-02 09:34:47.131880,13
2026-06-02 10:34:47.131880,14
2026-06-02 11:34:47.131880,14
2026-06-02 12:34:47.131880,12
2026-06-02 13:34:47.131880,14
2026-06-02 14:34:47.131880,72
2026-06-02 15:34:47.131880,53
2026-06-02 16:34:47.131880,56
2026-06-02 17:34:47.131880,13
2026-06-02 18:34:47.131880,2
2026-06-02 19:34:47.131880,3
2026-06-02 20:34:47.131880,4
2026-06-02 21:34:47.131880,7
2026-06-02 22:34:47.131880,6
2026-06-02 23:34:47.131880,8
2026-06-03 00:34:47.131880,3
2026-06-03 01:34:47.131880,4
2026-06-03 02:34:47.131880,5
2026-06-03 03:34:47.131880,5
2026-06-03 04:34:47.131880,5
2026-06-03 05:34:47.131880,2
2026-06-03 06:34:47.131880,8
2026-06-03 07:34:47.131880,5
2026-06-03 08:34:47.131880,2
2026-06-03 09:34:47.131880,10
2026-06-03 10:34:47.131880,16
2026-06-03 11:34:47.131880,13
2026-06-03 12:34:47.131880,12
2026-06-03 13:34:47.131880,13
2026-06-03 14:34:47.131880,14
2026-06-03 15:34:47.131880,10
2026-06-03 16:34:47.131880,14
2026-06-03 17:34:47.131880,7
2026-06-03 18:34:47.131880,7
2026-06-03 19:34:47.131880,7
2026-06-03 20:34:47.131880,5
2026-06-03 21:34:47.131880,3
2026-06-03 22:34:47.131880,3
2026-06-03 23:34:47.131880,2
2026-06-04 00:34:47.131880,2
2026-06-04 01:34:47.131880,3
2026-06-04 02:34:47.131880,3
2026-06-04 03:34:47.131880,3
2026-06-04 04:34:47.131880,3
2026-06-04 05:34:47.131880,3
2026-06-04 06:34:47.131880,2
2026-06-04 07:34:47.131880,6
2026-06-04 08:34:47.131880,7
2026-06-04 09:34:47.131880,13
2026-06-04 10:34:47.131880,8
2026-06-04 11:34:47.131880,11
2026-06-04 12:34:47.131880,18
